[{"model": "academy.location", "pk": 1, "fields": {"city": "cairo", "area": "giza"}}, {"model": "academy.location", "pk": 2, "fields": {"city": "alexandria", "area": "elsouf"}}, {"model": "academy.location", "pk": 4, "fields": {"city": "cairo", "area": "haram"}}, {"model": "academy.location", "pk": 5, "fields": {"city": "cairo", "area": "shoubra"}}, {"model": "academy.location", "pk": 6, "fields": {"city": "fayoum", "area": "wady elryan"}}, {"model": "academy.location", "pk": 7, "fields": {"city": "cairo", "area": "mokatem"}}, {"model": "academy.location", "pk": 8, "fields": {"city": "tanta", "area": null}}, {"model": "academy.academy", "pk": 1, "fields": {"name": "Egycar", "description": "a professional academy for learning how to drive", "logo": "academies/Egy-Car.png", "address_text": "225 شارع الملك فيصل، كفر طهرمس / ب، الهرم، محافظة الجيزة 3556014", "google_maps_url": "https://maps.app.goo.gl/GZeTCNekBZNGMNg49", "created_at": "2026-02-18T22:54:12.912Z", "location": [1]}}, {"model": "academy.academy", "pk": 2, "fields": {"name": "kholosy car", "description": "a professional academy for learning how to drive", "logo": "academies/kholosy.jpg", "address_text": "36HX+5XG، الترعة البولاقية، شبرا، محافظة القاهرة‬ 4343304", "google_maps_url": "https://maps.app.goo.gl/mLeGqA4NM9Yzrcm59?g_st=ic", "created_at": "2026-02-18T22:54:12.912Z", "location": [5]}}, {"model": "academy.academy", "pk": 3, "fields": {"name": "master car", "description": "a professional academy for learning how to drive", "logo": "academies/master.png", "address_text": "المامون سيد زكي، كفر طهرمس، بولاق الدكرور، محافظة الجيزة 3710484", "google_maps_url": "https://maps.app.goo.gl/zfU8TbYgTCVV2AXv8", "created_at": "2026-02-18T22:54:12.912Z", "location": [6]}}, {"model": "academy.academy", "pk": 4, "fields": {"name": "yasser academy", "description": "a profissional acadmy", "logo": "academies/yaser_acdemy.png", "address_text": null, "google_maps_url": null, "created_at": "2026-02-18T22:54:12.912Z", "location": [1, 4]}}, {"model": "academy.academy", "pk": 5, "fields": {"name": "A & M driving centre", "description": "يُعد A & M driving centre مركزًا محليًا لتعليم قيادة السيارات في القاهرة، مصر، ويقع في 7594 شارع الجامعة الحديثة، الأباجية، قسم الخليفة، محافظة القاهرة. يقدّم المركز خدمات تدريب عملي ونظري للسائقين الجدد، ويُعد من بين المؤسسات النشطة في منطقة المقطم ضمن فئة مدارس تعليم القيادة.", "logo": "academies/A__M_driving_centre.png", "address_text": "7594 Al Gamea Al Haditha St, Al Abageyah, قسم الخليفة،، Cairo Governorate 4411701, Egypt", "google_maps_url": "https://maps.app.goo.gl/XGg8YxwJidjQPwCA8", "created_at": "2026-02-18T22:54:12.912Z", "location": [7]}}, {"model": "academy.academy", "pk": 6, "fields": {"name": "ALDeep Driving Academy", "description": "الديب لتعليم قيادة السيارات (الفريدة سابقا)\r\n– مانيوال & أوتوماتيك\r\n👩‍🦰👨‍🦱 مدربين & مدربات", "logo": "academies/eldeep.jpg", "address_text": "18 سمير عبد الرؤوف، المنطقة الثامنة، مدينة نصر، محافظة القاهرة‬ 4441560", "google_maps_url": "https://maps.app.goo.gl/HCaLW8ycWXkMV3oM6", "created_at": "2026-02-18T22:54:12.912Z", "location": [2]}}, {"model": "academy.academy", "pk": 7, "fields": {"name": "El ostaz", "description": "متخصصين في مجال تعليم القيادة لجميع انواع السيارات المانيوال و الاوتوماتيك\r\nمتاح سيارات خاصة بالمركز و التعليم علي سيارة العميل 👌🚘🤷🏼‍♂️", "logo": "academies/elostaz.jpg", "address_text": "البروف علاء عبد الغني، QXRJ+4WP, Moustafa Sadek Al Rafei، طنطا (قسم 2)، مركز طنطا، محافظة الغربية 6623040", "google_maps_url": "https://maps.app.goo.gl/q8jSn3WFD29hJNwg6", "created_at": "2026-02-18T22:54:12.912Z", "location": [8]}}, {"model": "academy.trainer", "pk": 3, "fields": {"name": "Amr Khaled", "gender": "male", "bio": "ssssssss", "car_model": "Toyota Specialist", "image": "trainers/trainer2.JPG", "location": 1, "academy": 5, "experience_years": 6, "availability": ""}}, {"model": "academy.trainer", "pk": 4, "fields": {"name": "Mohamed Ashraf", "gender": "male", "bio": "sssssssssss", "car_model": "Honda Specialist", "image": "trainers/trainer3.jpg", "location": 4, "academy": 5, "experience_years": 7, "availability": ""}}, {"model": "academy.trainer", "pk": 5, "fields": {"name": "Essam", "gender": "male", "bio": "ssssssssss", "car_model": "BMW Specialist", "image": "trainers/trainer4.jpg", "location": 2, "academy": 4, "experience_years": 10, "availability": ""}}, {"model": "academy.trainer", "pk": 6, "fields": {"name": "karim", "gender": "male", "bio": "qe22", "car_model": "scooter specialist", "image": "trainers/trainer5.JPG", "location": 2, "academy": 1, "experience_years": 4, "availability": "Mon-Fri, 10AM - 5PM"}}, {"model": "academy.trainer", "pk": 7, "fields": {"name": "Atef", "gender": "male", "bio": "", "car_model": "vehicles specailist", "image": "trainers/trainer6.jpg", "location": 4, "academy": 3, "experience_years": 3, "availability": ""}}, {"model": "academy.trainer", "pk": 8, "fields": {"name": "mai", "gender": "female", "bio": "professional female trainer", "car_model": "Toyota Specialist", "image": "trainers/images.jfif", "location": 1, "academy": 6, "experience_years": 5, "availability": "Mon-Fri, 10AM - 5PM"}}, {"model": "academy.contactinfo", "pk": 1, "fields": {"academy": 1, "trainer": null, "type": "phone", "value": "01128206286"}}, {"model": "academy.contactinfo", "pk": 2, "fields": {"academy": 1, "trainer": null, "type": "email", "value": "egycar@gmail.com"}}, {"model": "academy.contactinfo", "pk": 3, "fields": {"academy": 1, "trainer": null, "type": "phone", "value": "01128206286"}}, {"model": "academy.contactinfo", "pk": 4, "fields": {"academy": null, "trainer": 3, "type": "phone", "value": "0127364554859"}}, {"model": "academy.contactinfo", "pk": 5, "fields": {"academy": 2, "trainer": null, "type": "email", "value": "kholosy@gmail.com"}}, {"model": "academy.contactinfo", "pk": 6, "fields": {"academy": 2, "trainer": null, "type": "phone", "value": "01197304619"}}, {"model": "academy.contactinfo", "pk": 7, "fields": {"academy": 3, "trainer": null, "type": "email", "value": "master@gmail.com"}}, {"model": "academy.contactinfo", "pk": 8, "fields": {"academy": 3, "trainer": null, "type": "phone", "value": "01556611228"}}, {"model": "academy.contactinfo", "pk": 9, "fields": {"academy": 1, "trainer": null, "type": "website", "value": "https://www.egy-car.com"}}, {"model": "academy.contactinfo", "pk": 10, "fields": {"academy": 2, "trainer": null, "type": "website", "value": "https://www.facebook.com/share/17NsV9LVm5/?mibextid=wwXIfr"}}, {"model": "academy.contactinfo", "pk": 11, "fields": {"academy": 5, "trainer": null, "type": "phone", "value": "010 65076911"}}, {"model": "academy.contactinfo", "pk": 12, "fields": {"academy": 5, "trainer": null, "type": "website", "value": "https://www.facebook.com/AandMDriverSchool"}}, {"model": "academy.contactinfo", "pk": 13, "fields": {"academy": 6, "trainer": null, "type": "phone", "value": "01020303360"}}, {"model": "academy.contactinfo", "pk": 14, "fields": {"academy": 6, "trainer": null, "type": "website", "value": "https://www.facebook.com/profile.php?id=61565077434098"}}, {"model": "academy.contactinfo", "pk": 15, "fields": {"academy": 7, "trainer": null, "type": "phone", "value": "01285719938"}}, {"model": "academy.contactinfo", "pk": 16, "fields": {"academy": 7, "trainer": null, "type": "website", "value": "https://www.facebook.com/elostaz.mostafayaser/"}}, {"model": "academy.course", "pk": 1, "fields": {"title": "Premium", "description": "Advanced defensive driving techniques with professional instructors and luxury vehicles.", "image": "courses/Course1_Brh2RoR.jpg", "price": "3000.00", "sessions": 10, "duration": 50, "quantity": 10, "quantity_sold": 6, "created_at": "2025-08-20T20:46:20.484Z", "is_active": true, "transmission": "manual", "academy": 5, "trainers": [3]}}, {"model": "academy.course", "pk": 3, "fields": {"title": "Gold", "description": "Standard driving course perfect for beginners looking to master the fundamentals.", "image": "courses/course4.png", "price": "2000.00", "sessions": 8, "duration": 50, "quantity": 10, "quantity_sold": -1, "created_at": "2025-08-20T20:50:10.397Z", "is_active": false, "transmission": "auto", "academy": 2, "trainers": [3, 4, 5]}}, {"model": "academy.course", "pk": 4, "fields": {"title": "License Course", "description": "Comprehensive training for obtaining a driver's license.", "image": "courses/course3_zXYdBmq.jpg", "price": "1500.00", "sessions": 6, "duration": 50, "quantity": 10, "quantity_sold": 3, "created_at": "2025-08-26T14:04:00.650Z", "is_active": true, "transmission": "manual", "academy": 7, "trainers": [3, 4, 5]}}, {"model": "academy.course", "pk": 5, "fields": {"title": "Commercial", "description": "Specialized training for commercial vehicle operators and truck drivers.", "image": "courses/course5.jpg", "price": "1400.00", "sessions": 15, "duration": 120, "quantity": 10, "quantity_sold": 3, "created_at": "2025-08-26T14:12:00.134Z", "is_active": true, "transmission": "manual", "academy": 3, "trainers": [7]}}, {"model": "academy.course", "pk": 14, "fields": {"title": "PremiumPlus", "description": "Comprehensive driving course covering all aspects of defensive driving and vehicle control.", "image": "courses/course2_ntVZtdh.jpg", "price": "4000.00", "sessions": 15, "duration": 120, "quantity": 3, "quantity_sold": 2, "created_at": "2026-03-07T22:29:13.143Z", "is_active": true, "transmission": null, "academy": 6, "trainers": [8]}}, {"model": "academy.course", "pk": 15, "fields": {"title": "Scooter Course", "description": "Professional scooter training focusing on safety protocols, defensive riding techniques, \r\nand urban traffic navigation.", "image": "courses/course6_zHWeCR1.jpg", "price": "800.00", "sessions": 21, "duration": 50, "quantity": 10, "quantity_sold": 3, "created_at": "2026-03-07T22:34:40.398Z", "is_active": true, "transmission": "auto", "academy": 1, "trainers": [6]}}]